<?xml version="1.0" encoding="UTF-8" standalone="yes"?>
<manifest>
  <control namespace="InputDecimalFieldColorChange" constructor="InputFieldDecimalToChange" version="0.0.12" display-name-key="InputFieldDecimalToChange" description-key="InputFieldDecimalToChange description" control-type="standard" api-version="1.3.8">
    <external-service-usage enabled="false"/>
    <property name="InputFieldDecimalToChange" display-name-key="InputFieldDecimalToChange_Display_Key" description-key="Change Background Colour" of-type="Decimal" usage="bound" required="true"/>
    <property name="ColorInRGB" display-name-key="ColorInRGB_Display_Key" description-key="Enter Color in rgb(zzz,yyy,xxx)" of-type="SingleLine.Text" usage="input" required="true"/>
    <resources>
      <code path="bundle.js" order="1"/>
      <css path="styles.css" order="1"/>
    </resources>
    <built-by name="pac" version="1.29.9"/>
  </control>
</manifest>