<?xml version="1.0" encoding="UTF-8" standalone="yes"?>
<manifest>
  <control namespace="InputFieldTwoOptionsToChange" constructor="InputFieldTwoOptionsToChange" version="0.0.7" display-name-key="InputFieldTwoOptionsToChange" description-key="InputFieldTwoOptionsToChange description" control-type="standard" api-version="1.3.11">
    <external-service-usage enabled="false"/>
    <property name="InputFieldTwoOptionsToChange" display-name-key="InputFieldTwoOptionsToChange_Display_Key" description-key="InputFieldTwoOptionsToChange_Desc_Key" of-type="TwoOptions" usage="bound" required="true"/>
    <property name="ColorInRGB" display-name-key="ColorInRGB_Display_Key" description-key="Enter Color in rgb(zzz,yyy,xxx)" of-type="SingleLine.Text" usage="input" required="true"/>
    <property name="LanguageSelection" display-name-key="LanguageSelection_Display_Key" description-key="Enter EN-en or DE-de" of-type="SingleLine.Text" usage="input" required="true"/>
    <resources>
      <code path="bundle.js" order="1"/>
      <css path="style.css" order="1"/>
    </resources>
    <built-by name="pac" version="1.31.2"/>
  </control>
</manifest>